Country,"Density
(P/Km2)",Abbreviation,Agricultural Land( %),Land Area(Km2),Armed Forces size,Capital/Major City,Co2-Emissions,CPI,Fertility Rate,Forested Area (%),GDP,GNI($),Mean years of Schooling,MYSI,Expected years of Schooling,EYSI,EI,Gross primary education enrollment (%),Gross tertiary education enrollment (%),Infant mortality,Life expectancy,LEI,Maternal mortality ratio,Birth Rate,Mortality rate ,GNII,HDI,Official language,Out of pocket health expenditure,Physicians per thousand,Population,Population: Labor force participation (%),Tax revenue (%),Unemployment rate,Urban population
Afghanistan,60,AF,58.10%,"6,52,230","3,23,000",Kabul,"8,672",149.9,4.47,2.10%,"19,101,353,833 ","2,002",2.5,0.17,10.8,0.60,0.38,104.00%,9.70%,47.9,64.5,0.68,638,35.4,12.08,0.45267351,0.489056682,Pashto,78.40%,0.28,38041754,48.90%,9.30%,11.12%,"97,97,273"
Albania,105,AL,43.10%,"28,748","9,000",Tirana,"4,536",119.05,1.62,28.10%,"15,278,077,447 ",18002,10.2,0.68,14.5,0.81,0.74,107.00%,55.00%,7.8,78.5,0.9,15,10.2,7.36,0.784442678,0.805400351,Albanian,56.90%,1.2,2854191,55.70%,18.60%,12.33%,"17,47,593"
Algeria,18,DZ,17.40%,"23,81,741","3,17,000",Algiers,"1,50,006",151.36,3.02,0.80%,"169,988,236,398 ",14935,7.4,0.49,15.5,0.86,0.68,109.90%,51.40%,20.1,76.7,0.87,112,19.6,4.33,0.756229182,0.764822283,Arabic,28.10%,1.72,43053054,41.20%,37.20%,11.70%,"3,15,10,100"
Andorra,164,AD,40.00%,468,0,Andorra la Vella,469,118.3,1.27,34.00%,"3,154,057,987 ",63829,11.6,0.77,14.5,0.81,0.79,106.40%,34.48%,2.7,84.04,0.99,11,6.9,7.98,0.975637659,0.913798163,Catalan,36.40%,3.33,77142,82.60%,0.00%,1.50%,"67,873"
Angola,26,AO,47.50%,"12,46,700","1,17,000",Luanda,"34,693",261.73,5.52,46.30%,"94,635,415,870 ",6628,6.0,0.40,12.2,0.68,0.54,113.50%,9.30%,51.6,60.8,0.63,241,37.6,7.8,0.633510848,0.599555588,Portuguese,33.40%,0.21,31825295,77.50%,9.20%,6.89%,"2,10,61,025"
Antigua and Barbuda,223,AG,20.50%,443,0,"St. John's, Saint John",557,113.81,1.99,22.30%,"1,727,759,259 ",24849,11.6,0.77,15.5,0.86,0.82,105.00%,24.80%,5,76.9,0.88,42,11.8,5.69,0.833133174,0.843989384,English,24.30%,2.76,97118,76.90%,16.50%,15.08%,"23,800"
Argentina,17,AR,54.30%,"27,80,400","1,05,000",Buenos Aires,"2,01,348",232.75,2.26,9.80%,"449,663,446,954 ",26539,11.2,0.75,18.8,1.04,0.90,109.70%,90.00%,8.8,76.5,0.87,39,11.1,7.28,0.843072315,0.870714005,Spanish,17.60%,3.96,44938712,61.30%,10.10%,9.79%,"4,13,39,571"
Armenia,104,AM,58.90%,"29,743","49,000",Yerevan,"5,156",129.18,1.76,11.70%,"13,672,802,158 ",18706,11.3,0.75,14.4,0.80,0.78,92.70%,54.60%,11,74.9,0.84,26,11.8,9.54,0.790237397,0.802990651,Armenian,81.60%,4.4,2957731,55.60%,20.90%,16.99%,"18,69,848"
Australia,3,AU,48.20%,"77,41,220","58,000",Canberra,"3,75,908",119.8,1.74,16.30%,"1,392,680,589,329 ",58406,12.9,0.86,20.7,1.15,1.01,100.30%,113.10%,3.1,82.7,0.96,6,11.5,6.76,0.96222557,0.977139344,English,19.60%,3.68,25766605,65.50%,23.00%,5.27%,"2,18,44,756"
Austria,109,AT,32.40%,"83,871","21,000",Vienna,"61,448",118.06,1.47,46.90%,"446,314,739,528 ",64374,12.4,0.83,16.3,0.91,0.87,103.10%,85.10%,2.9,81.6,0.95,5,8.4,9.86,0.976921964,0.931181296,German,17.90%,5.17,8877067,60.70%,25.40%,4.67%,"51,94,416"
Azerbaijan,123,AZ,57.70%,"86,600","82,000",Baku,"37,620",156.32,1.73,14.10%,"39,207,000,000 ",19694,11.1,0.74,12.9,0.72,0.73,99.70%,27.70%,19.2,72.9,0.81,26,12.1,6.92,0.798012189,0.778524829,Azerbaijani language,78.60%,3.45,10023318,66.50%,13.00%,5.51%,"56,16,165"
The Bahamas,39,BS,1.40%,"13,880","1,000","Nassau, Bahamas","1,786",116.22,1.75,51.40%,"12,827,000,000 ",31641,12.8,0.85,11.9,0.66,0.76,81.40%,15.10%,8.3,73.8,0.83,70,10.9,6.47,0.869633713,0.818608062,English,27.80%,1.94,389482,74.60%,14.80%,10.36%,"3,23,784"
Bahrain,"2,239",BH,11.10%,765,"19,000",Manama,"31,694",117.59,1.99,0.80%,"38,574,069,149 ",53502,11.1,0.74,15.9,0.88,0.81,99.40%,50.50%,6.1,77.2,0.88,14,12.5,2.83,0.948978045,0.877825014,Arabic,25.10%,0.93,1501635,73.40%,4.20%,0.71%,"14,67,109"
Bangladesh,"1,265",BD,70.60%,"1,48,460","2,21,000",Dhaka,"84,246",179.68,2.04,11.00%,"302,571,254,131 ",8571,6.8,0.45,12.3,0.68,0.57,116.50%,20.60%,25.1,72.3,0.8,173,20.4,5.5,0.672344454,0.674298546,Bengali,71.80%,0.58,167310838,59.00%,8.80%,4.19%,"6,09,87,417"
Barbados,668,BB,23.30%,430,"1,000",Bridgetown,"1,276",134.09,1.62,14.70%,"5,209,000,000 ",15398,9.9,0.66,16.6,0.92,0.79,99.40%,65.40%,11.3,79.1,0.91,27,11.2,8.03,0.76084094,0.817813206,English,45.20%,2.48,287025,65.20%,27.50%,10.33%,"89,431"
Belarus,47,BY,42.00%,"2,07,600","1,55,000",Minsk,"58,280","13,381.00",1.45,42.60%,"63,080,457,023 ",26763,12.3,0.82,13.7,0.76,0.79,100.50%,87.40%,2.6,74.2,0.83,2,7.1,12.81,0.844341936,0.821122302,Russian,34.50%,5.19,9466856,64.10%,14.70%,4.59%,"74,82,982"
Belgium,383,BE,44.60%,"30,528","32,000",City of Brussels,"96,889",117.11,1.62,22.60%,"529,606,710,418 ",62258,12.7,0.85,19.0,1.06,0.95,103.90%,79.70%,2.9,81.6,0.95,5,8.7,9.57,0.971873261,0.957235834,French,17.60%,3.07,11484055,53.60%,24.00%,5.59%,"1,12,59,082"
Belize,17,BZ,7.00%,"22,966","2,000",Belmopan,568,105.68,2.31,59.70%,"1,879,613,600 ",11988,8.8,0.59,12.0,0.67,0.63,111.70%,24.70%,11.2,74.5,0.84,36,18,3.89,0.723026935,0.725980191,English,22.70%,1.12,390353,65.10%,26.30%,6.41%,"1,79,039"
Benin,108,BJ,33.30%,"1,12,622","12,000",Porto-Novo,"6,476",110.71,4.84,37.80%,"14,390,709,095 ",3683,3.2,0.21,10.4,0.58,0.40,122.00%,12.30%,60.5,61.5,0.64,397,33.9,7.82,0.544754207,0.518577321,French,40.50%,0.08,11801151,70.90%,10.80%,2.23%,"56,48,149"
Bhutan,20,BT,13.60%,"38,394","6,000",Thimphu,"1,261",167.18,1.98,72.50%,"2,446,674,101 ",13363,5.8,0.39,13.2,0.73,0.56,100.10%,15.60%,24.8,71.5,0.79,183,12.7,6.05,0.739429102,0.689028553,Dzongkha,19.80%,0.42,727145,66.70%,16.00%,2.34%,"3,17,538"
Bolivia,11,BO,34.80%,"10,98,581","71,000",Sucre,"21,606",148.32,2.73,50.30%,"40,895,322,865 ",9572,10.0,0.67,15.6,0.87,0.77,98.20%,0.00%,21.8,71.2,0.79,155,21.2,4.33,0.689029731,0.748373831,Spanish,25.90%,1.59,11513100,71.80%,17.00%,3.50%,"80,33,035"
Bosnia and Herzegovina,64,BA,43.10%,"51,197","11,000",Sarajevo,"21,848",104.9,1.27,42.70%,"20,047,848,435 ",20024,11.0,0.73,13.2,0.73,0.73,87.82%,23.30%,5,77.3,0.88,10,7.7,10.26,0.800522363,0.801173053,Bosnian,28.60%,2.16,3301000,46.40%,20.40%,18.42%,"16,05,144"
Botswana,4,BW,45.60%,"5,81,730","9,000",Gaborone,"6,340",149.75,2.87,18.90%,"18,340,510,789 ",18889,10.5,0.70,11.4,0.63,0.67,103.20%,24.90%,30,69.3,0.76,144,24.7,8.98,0.791707987,0.738727853,English,5.30%,0.37,2346179,70.80%,19.50%,18.19%,"16,16,550"
Brazil,25,BR,33.90%,"85,15,770","7,30,000",Bras√≠lia,"4,62,299",167.4,1.73,58.90%,"1,839,758,040,766 ",18438,8.4,0.56,15.8,0.88,0.72,115.40%,51.30%,12.8,75.7,0.86,60,12.3,6.9,0.788057576,0.787280749,Portuguese,28.30%,2.15,212559417,63.90%,14.20%,12.08%,"18,32,41,641"
Brunei,83,BN,2.70%,"5,765","8,000",Bandar Seri Begawan,"7,664",99.03,1.85,72.10%,"13,469,422,941 ",77874,9.3,0.62,13.7,0.76,0.69,103.20%,31.40%,9.8,75.7,0.86,31,13.6,3.85,1.005680303,0.841916774,Malay,6.00%,1.61,433285,64.70%,0.00%,9.12%,"3,37,711"
Bulgaria,64,BG,46.30%,"1,10,879","31,000",Sofia,"41,708",114.42,1.56,35.40%,"86,000,000,000 ",31775,11.5,0.77,15.3,0.85,0.81,89.30%,71.00%,5.9,74.9,0.84,10,9.2,14.31,0.870272085,0.839730226,Bulgarian,47.70%,4.03,6975761,55.40%,20.20%,4.34%,"52,56,027"
Burkina Faso,76,BF,44.20%,"2,74,200","11,000",Ouagadougou,"3,418",106.58,5.19,19.30%,"15,745,810,235 ",2370,2.3,0.15,8.7,0.48,0.32,96.10%,6.50%,49,61.2,0.63,320,31.6,7.5,0.478163149,0.458517107,French,36.10%,0.08,20321378,66.40%,15.00%,6.26%,"60,92,349"
Burundi,463,BI,79.20%,"27,830","31,000",Bujumbura,495,182.11,5.41,10.90%,"3,012,334,882 ",831,3.5,0.23,9.8,0.54,0.39,121.40%,6.10%,41,61.2,0.63,548,33.7,5.85,0.31985441,0.428337239,Kirundi,19.10%,0.1,11530580,79.20%,13.60%,1.43%,"15,41,177"
Ivory Coast,83,CI,64.80%,"3,22,463","27,000",Yamoussoukro,"9,674",111.61,4.65,32.70%,"58,792,205,642 ",3672,4.9,0.33,11.4,0.63,0.48,99.80%,9.30%,59.4,57.4,0.58,617,35.74,7.66,0.544302375,0.533134131,French,36.00%,0.23,25716544,57.00%,11.80%,3.32%,"1,31,76,900"
Cape Verde,138,CV,19.60%,"4,033","1,000",Praia,543,110.5,2.27,22.50%,"1,981,845,741 ",9184,6.1,0.41,11.4,0.63,0.52,104.00%,23.60%,16.7,72.8,0.81,58,12.3,5.77,0.682779146,0.660069304,Portuguese,23.20%,0.77,483628,60.50%,20.10%,12.25%,"3,64,029"
Cambodia,95,KH,30.90%,"1,81,035","1,91,000",Phnom Penh,"9,919",127.63,2.5,52.90%,"27,089,389,787 ",6555,5.2,0.35,11.2,0.62,0.48,107.40%,13.70%,24,69.6,0.76,160,20.8,5.7,0.631837909,0.613131322,Khmer language,59.40%,0.17,16486542,82.30%,17.10%,0.68%,"39,24,621"
Cameroon,56,CM,20.60%,"4,75,440","24,000",Yaound√©,"8,291",118.65,4.57,39.30%,"38,760,467,033 ",4780,6.6,0.44,10.8,0.60,0.52,103.40%,12.80%,50.6,58.9,0.6,529,33.7,7.54,0.584136386,0.566965045,French,69.70%,0.09,25876380,76.10%,12.80%,3.38%,"1,47,41,256"
Canada,4,CA,6.90%,"99,84,670","72,000",Ottawa,"5,44,894",116.76,1.5,38.20%,"1,736,425,629,520 ",54796,13.9,0.93,15.9,0.88,0.91,100.90%,68.90%,4.3,81.9,0.95,10,9.1,8.17,0.952587999,0.937324642,French,14.60%,2.61,36991981,65.10%,12.80%,5.56%,"3,06,28,482"
Central African Republic,8,CF,8.20%,"6,22,984","8,000",Bangui,297,186.86,4.72,35.60%,"2,220,307,369 ",1199,4.0,0.27,7.4,0.41,0.34,102.00%,3.00%,84.5,52.8,0.5,829,46.4,11.51,0.375233459,0.399561369,French,39.60%,0.06,4745185,72.00%,8.60%,3.68%,"19,82,064"
Chad,13,TD,39.70%,"12,84,000","35,000",N'Djamena,"1,016",117.7,5.75,3.80%,"11,314,951,343 ",1654,2.3,0.15,8.3,0.46,0.31,86.80%,3.30%,71.4,54,0.52,1140,42.4,9.21,0.423829405,0.408807361,French,56.40%,0.04,15946876,70.70%,0.00%,1.89%,"37,12,273"
Chile,26,CL,21.20%,"7,56,096","1,22,000",Santiago,"85,822",131.91,1.65,24.30%,"282,318,159,745 ",28005,11.3,0.75,16.9,0.94,0.85,101.40%,88.50%,6.2,80,0.92,13,9,6.58,0.851194237,0.873129126,Spanish,32.20%,2.59,18952038,62.60%,18.20%,7.09%,"1,66,10,135"
China,153,CN,56.20%,"95,96,960","26,95,000",Beijing,"98,93,038",125.08,1.69,22.40%,"19,910,000,000,000 ",21952,8.0,0.53,15.5,0.86,0.70,100.20%,50.60%,7.4,77,0.88,29,6.3,7.82,0.814408418,0.794586146,Standard Chinese,32.40%,1.98,1397715000,68.00%,9.40%,4.32%,"84,29,33,962"
Colombia,46,CO,40.30%,"11,38,910","4,81,000",Bogot·,"97,814",140.95,1.81,52.70%,"323,802,808,108 ",18501,9.0,0.60,14.3,0.79,0.70,114.50%,55.30%,12.2,77.1,0.88,83,13.5,7.84,0.788572832,0.786093444,Spanish,18.30%,2.18,50339443,68.80%,14.40%,9.71%,"4,08,27,302"
Comoros,467,KM,71.50%,"2,235",500,"Moroni, Comoros",202,103.62,4.21,19.70%,"1,185,728,677 ",3505,6.0,0.40,13.3,0.74,0.57,99.50%,9.00%,51.3,64.1,0.68,273,28.7,6.49,0.537271342,0.592733056,French,74.80%,0.27,850886,43.30%,0.00%,4.34%,"2,48,152"
Congo,16,COG,31.10%,"3,42,000","12,000",Brazzaville,"3,282",124.74,4.43,65.40%,"10,820,591,131 ",5811,8.3,0.55,12.7,0.71,0.63,106.60%,12.70%,36.2,64.3,0.68,378,30.6,8.23,0.613639402,0.640600933,French,43.80%,0.12,5380508,69.40%,9.00%,9.47%,"36,25,010"
Costa Rica,100,CR,34.50%,"51,100","10,000",San JosÈ,"8,023",128.85,1.75,54.60%,"61,773,944,174 ",24032,8.8,0.59,16.3,0.91,0.75,113.30%,55.20%,7.6,80.1,0.92,27,10.2,4.97,0.828083194,0.829801764,Spanish,21.50%,2.89,5047561,62.10%,13.60%,11.85%,"40,41,885"
Croatia,73,HR,27.60%,"56,594","18,000",Zagreb,"17,488",109.82,1.47,34.40%,"60,415,553,039 ",40974,12.1,0.81,16.3,0.91,0.86,96.50%,67.90%,4,78.1,0.89,8,8.1,12.98,0.908679198,0.885998557,Croatian,15.20%,3,4067500,51.20%,22.00%,6.93%,"23,28,318"
Cuba,106,CU,59.90%,"1,10,860","76,000",Havana,"28,284",217.63,1.62,31.30%,"100,023,000,000 ",7433,10.6,0.71,13.9,0.77,0.74,101.90%,41.40%,3.7,78.7,0.9,36,8.7,9.37,0.65082583,0.756797467,Spanish,11.10%,8.42,11333483,53.60%,0.00%,1.64%,"87,39,135"
Cyprus,104,CY,12.20%,"9,251","16,000",Nicosia,"6,626",102.51,1.33,18.70%,"24,564,647,935 ",48312,12.6,0.84,16.2,0.90,0.87,99.30%,75.90%,1.9,80.8,0.94,6,10.8,6.99,0.93356446,0.913966909,Greek,43.90%,1.95,1198575,63.10%,24.50%,7.27%,"8,00,708"
Czech Republic,139,CZ,45.20%,"78,867","23,000",Prague,"1,02,218",116.48,1.69,34.60%,"246,489,245,495 ",45350,13.0,0.87,16.8,0.93,0.90,100.70%,64.10%,2.7,79,0.91,3,8.5,10.77,0.924007194,0.911282614,Czech,14.80%,4.12,10669709,60.60%,14.90%,1.93%,"78,87,156"
Democratic Republic of the Congo,40,CD,11.60%,"23,44,858","1,34,000",Kinshasa,"2,021",133.85,5.92,67.20%,"47,319,624,204 ",1383,7.4,0.49,10.9,0.61,0.55,108.00%,6.60%,68.2,60.4,0.62,473,41.3,7.74,0.396799259,0.513383308,French,37.40%,0.07,86790567,63.50%,10.70%,4.24%,"3,90,95,679"
Denmark,137,DK,62.00%,"43,094","15,000",Copenhagen,"31,786",110.35,1.73,14.70%,"348,078,018,464 ",70357,13.0,0.87,18.7,1.04,0.95,101.30%,80.60%,3.6,81,0.94,4,9.7,9.55,0.990346658,0.959871064,Danish,13.70%,4.01,5818553,62.20%,32.40%,4.91%,"51,19,978"
Djibouti,43,DJ,73.40%,"23,200","13,000",Djibouti City,620,120.25,2.73,0.20%,"3,318,716,359 ",6277,4.0,0.27,6.2,0.34,0.31,75.30%,5.30%,49.8,66.6,0.72,248,20.8,7.08,0.625291764,0.518711209,French,20.40%,0.22,973560,60.20%,0.00%,10.30%,"7,58,549"
Dominica,96,DM,33.30%,751,0,Roseau,180,103.87,1.9,57.40%,"596,033,333 ",15608,10.1,0.67,14.2,0.79,0.73,114.70%,7.20%,32.9,76.6,0.87,36,11.1,8.12,0.762887137,0.785417913,English,28.40%,1.08,71808,64.28%,22.10%,5.20%,"50,830"
Dominican Republic,225,DO,48.70%,"48,670","71,000",Santo Domingo,"25,258",135.5,2.35,41.70%,"88,941,298,258 ",22027,9.4,0.63,13.6,0.76,0.69,105.70%,59.90%,24.1,73.9,0.83,95,17.9,6.31,0.814923627,0.775677804,Spanish,43.70%,1.56,10738958,64.30%,13.00%,5.84%,"87,87,475"
Ecuador,71,EC,22.20%,"2,83,561","41,000",Quito,"41,155",124.14,2.43,50.20%,"107,435,665,000 ",14153,9.0,0.60,14.9,0.83,0.71,103.30%,44.90%,12.2,76.8,0.87,59,15,5.18,0.748105278,0.77311976,Spanish,43.70%,2.04,17373662,68.00%,13.00%,3.97%,"1,11,16,711"
Egypt,103,EG,3.80%,"10,01,450","8,36,000",Cairo,"2,38,560",288.57,3.33,0.10%,"303,175,127,598 ",15961,10.1,0.67,13.1,0.73,0.70,106.30%,35.20%,18.1,71.8,0.8,37,21,4.32,0.766265445,0.754262338,Modern Standard Arabic,62.00%,0.45,100388073,46.40%,12.50%,10.76%,"4,28,95,824"
El Salvador,313,SV,76.40%,"21,041","42,000",San Salvador,"7,169",111.23,2.04,12.60%,"27,022,640,000 ",10688,7.3,0.49,11.1,0.62,0.55,94.80%,29.40%,11.8,73.1,0.82,46,15.8,5.92,0.705688074,0.682752197,Spanish,27.90%,1.57,6453553,59.10%,18.10%,4.11%,"46,94,702"
Equatorial Guinea,50,GQ,10.10%,"28,051","1,000",Malabo,"5,655",124.35,4.51,55.50%,"11,026,774,945 ",10652,8.3,0.55,12.5,0.69,0.62,61.80%,1.90%,62.6,58.4,0.59,301,29.6,8.9,0.70517842,0.636572058,Spanish,72.00%,0.4,1355986,62.00%,6.10%,6.43%,"9,84,812"
Eritrea,35,ER,75.20%,"1,17,600","2,02,000",Asmara,711,217.63,4.06,14.90%,"2,065,001,626 ",656,5.1,0.34,7.3,0.41,0.37,68.40%,3.40%,31.3,65.9,0.71,480,28.5,6.6,0.284134411,0.421044471,Tigrinya,52.40%,0.06,6333135,78.40%,0.00%,5.14%,"11,49,670"
Estonia,31,EE,23.10%,"45,228","6,000",Tallinn,"16,590",122.14,1.59,51.30%,"31,386,949,981 ",42941,13.6,0.91,16.0,0.89,0.90,97.20%,69.60%,2.1,78.2,0.9,9,8.1,13.13,0.915762105,0.905223658,Estonian,22.80%,4.48,1331824,63.60%,20.90%,5.11%,"9,16,024"
Eswatini,67,SWZ,71.05%,"17,364",3000,Mbabane,1390,217.63,2.75,29.10%,"3,791,304,348 ",9093,8.7,0.58,15.2,0.84,0.71,114.00%,6.00%,34.99,64.12,0.68,118,24.1,9.53,0.68127494,0.690287314,English,11.30%,0.14,1093238,50.80%,28.60%,35.40%,305042
Ethiopia,115,ET,36.30%,"11,04,300","1,38,000",Addis Ababa,"14,870",143.86,4.25,12.50%,"96,107,662,398 ",2748,2.4,0.16,9.2,0.51,0.34,101.00%,8.10%,39.1,66.2,0.71,401,31.9,5.6,0.500516892,0.494369878,Amharic,37.80%,0.08,112078730,79.60%,7.50%,2.08%,"2,37,88,710"
Fiji,49,FJ,23.30%,"18,274","4,000",Suva,"2,046",132.3,2.77,55.90%,"5,535,548,972 ",10064,10.4,0.69,13.8,0.77,0.73,106.40%,16.10%,21.6,67.3,0.73,34,18,6.44,0.696601027,0.718692772,Fiji Hindi,21.40%,0.84,889953,57.60%,24.20%,4.10%,"5,05,048"
Finland,18,FI,7.50%,"3,38,145","25,000",Helsinki,"45,871",112.33,1.41,73.10%,"268,761,201,365 ",56339,13.0,0.87,19.5,1.08,0.98,100.20%,88.20%,1.4,81.7,0.95,3,7.8,10.37,0.956782789,0.962175613,Swedish,19.90%,3.81,5520314,59.10%,20.80%,6.59%,"47,16,888"
France,119,FR,52.40%,"6,43,801","3,07,000",Paris,"3,03,276",110.05,1.88,31.20%,"2,715,518,274,227 ",55022,11.8,0.79,16.1,0.89,0.84,102.50%,65.60%,3.4,82.5,0.96,8,9.6,9.51,0.953209731,0.916036957,French,6.80%,3.27,67059887,55.10%,24.20%,8.43%,"5,41,23,364"
Gabon,9,GA,20.00%,"2,67,667","7,000",Libreville,"5,321",122.19,3.97,90.00%,"16,657,960,228 ",18233,9.7,0.65,12.5,0.69,0.67,139.90%,8.30%,32.7,66.2,0.71,252,27.7,5.59,0.78636868,0.720531745,French,25.90%,0.68,2172579,52.90%,10.20%,20.00%,"19,49,694"
The Gambia,239,GM,59.80%,"11,300","1,000",Banjul,532,172.73,5.22,48.40%,"1,763,819,048 ",2894,4.7,0.31,9.0,0.50,0.41,98.00%,2.70%,39,61.7,0.64,597,30.4,5.71,0.508336482,0.510942117,English,20.30%,0.1,2347706,59.40%,9.40%,9.06%,"14,53,958"
Georgia,57,GE,34.50%,"69,700","26,000",Tbilisi,"10,128",133.61,2.06,40.60%,"17,743,195,770 ",20836,12.7,0.85,16.8,0.93,0.89,98.60%,63.90%,8.7,73.6,0.82,25,11.5,10.76,0.806526935,0.838058326,Georgian,57.30%,7.12,3720382,68.30%,21.70%,14.40%,"21,96,476"
Germany,240,DE,47.70%,"3,57,022","1,80,000",Berlin,"7,27,973",112.85,1.56,32.70%,"3,845,630,030,824 ",65122,14.3,0.95,17.3,0.96,0.96,104.00%,70.20%,3.1,80.9,0.94,7,8.5,11.97,0.978667052,0.959425708,German,12.50%,4.25,83132799,60.80%,11.50%,3.04%,"6,43,24,835"
Ghana,137,GH,69.00%,"2,38,533","16,000",Accra,"16,670",268.36,3.87,41.20%,"66,983,634,224 ",6610,7.1,0.47,11.4,0.63,0.55,104.80%,15.70%,34.9,63.8,0.67,308,26.3,5.99,0.63310006,0.615606621,English,36.10%,0.14,30792608,67.80%,12.60%,4.33%,"1,72,49,054"
Greece,81,GR,47.60%,"1,31,957","1,46,000",Athens,"62,434",101.87,1.35,31.70%,"209,852,761,469 ",34469,11.6,0.77,20.8,1.16,0.96,99.60%,136.60%,3.6,81.3,0.94,3,7.2,12.02,0.882565084,0.926933567,Greek,35.50%,5.48,10716322,51.80%,26.20%,17.24%,"85,07,474"
Grenada,331,GD,23.50%,349,1200,"St. George's, Grenada",268,107.43,2.06,50.00%,"1,228,170,370 ",13952,9.4,0.63,16.6,0.92,0.77,106.90%,104.60%,13.7,72.4,0.81,25,11.7,8.34,0.745944615,0.774867494,English,57.00%,1.41,112003,66.38%,19.40%,12.00%,"40,765"
Guatemala,167,GT,36.00%,"1,08,889","43,000",Guatemala City,"16,777",142.92,2.87,32.70%,"76,710,385,880 ",12166,5.8,0.39,10.7,0.59,0.49,101.90%,21.80%,22.1,74.1,0.83,95,20.8,4.89,0.72525335,0.665663338,Spanish,55.80%,0.35,16604026,62.30%,10.60%,2.46%,"85,40,945"
Guinea,53,GN,59.00%,"2,45,857","13,000",Conakry,"2,996",262.95,4.7,25.80%,"13,590,281,809 ",3614,2.5,0.17,10.4,0.58,0.37,91.50%,11.60%,64.9,61.2,0.63,576,33.8,7.97,0.541897374,0.501748913,French,54.50%,0.08,12771246,61.50%,10.80%,4.30%,"46,61,505"
Guinea-Bissau,70,GW,58.00%,"36,125","4,000",Bissau,293,111.65,4.48,69.80%,"1,340,389,411 ",2575,3.7,0.25,10.6,0.59,0.42,118.70%,2.60%,54,58,0.58,667,30,7.32,0.490694668,0.492602042,Portuguese,37.20%,0.13,1920922,72.00%,10.30%,2.47%,"8,40,922"
Guyana,4,GY,8.60%,"2,14,969","3,000","Georgetown, Guyana","2,384",116.19,2.46,83.90%,"4,280,443,645 ",18313,8.7,0.58,13.0,0.72,0.65,97.80%,11.60%,25.1,69.8,0.77,169,20.3,6.95,0.78703001,0.733046951,English,40.50%,0.8,782766,56.20%,0.00%,11.85%,"2,08,912"
Haiti,414,HT,66.80%,"27,750",0,Port-au-Prince,"2,978",179.29,2.94,3.50%,"8,498,981,821 ",2957,5.4,0.36,10.9,0.61,0.48,113.60%,1.10%,49.5,63.7,0.67,480,22.2,7.17,0.511589559,0.547956274,French,36.30%,0.23,11263077,67.20%,0.00%,13.78%,"63,28,948"
Honduras,89,HN,28.90%,"1,12,090","23,000",Tegucigalpa,"9,813",150.34,2.46,40.00%,"25,095,395,475 ",6036,7.5,0.50,10.2,0.57,0.53,91.50%,26.20%,15.1,75.1,0.85,65,22,4.69,0.619377839,0.653456706,Spanish,49.10%,0.31,9746117,68.80%,17.30%,5.39%,"56,26,433"
Hungary,107,HU,58.40%,"93,028","40,000",Budapest,"45,537",121.64,1.54,22.90%,"160,967,157,504 ",37595,12.3,0.82,15.5,0.86,0.84,100.80%,48.50%,3.6,75.8,0.86,12,8.8,12.89,0.895678336,0.86492132,Hungarian,29.00%,3.41,9769949,56.50%,23.00%,3.40%,"69,99,582"
Iceland,3,IS,18.70%,"1,03,000",0,Reykjav√≠k,"2,065",129,1.71,0.50%,"24,188,035,739 ",62074,13.9,0.93,18.9,1.05,0.99,100.40%,71.80%,1.5,82.7,0.96,4,11.2,6.57,0.971426163,0.973730428,Icelandic,17.00%,4.08,361313,75.00%,23.30%,2.84%,"3,39,110"
India,464,IN,60.40%,"32,87,263","30,31,000",New Delhi,"24,07,672",180.44,2.22,23.80%,"2,611,000,000,000 ",9036,6.9,0.46,13.0,0.72,0.59,113.00%,28.10%,29.9,69.4,0.76,145,16.1,9.65,0.680325059,0.673174036,Hindi,65.10%,0.86,1366417754,49.30%,11.20%,5.36%,"47,10,31,528"
Indonesia,151,ID,31.50%,"19,04,569","6,76,000",Jakarta,"5,63,325",151.18,2.31,49.90%,"1,119,190,780,753 ",13522,8.7,0.58,13.3,0.74,0.66,106.40%,36.30%,21.1,71.5,0.79,177,15.9,6.77,0.741215834,0.728403301,Indonesian,48.30%,0.43,270203917,67.50%,10.20%,4.69%,"15,15,09,724"
Iran,52,IR,28.20%,"16,48,195","5,63,000",Tehran,"6,61,710",550.93,2.14,6.60%,"445,345,282,123 ",15276,10.8,0.72,14.0,0.78,0.75,110.70%,68.10%,12.4,76.5,0.87,16,13,5.2,0.759639343,0.791399895,Persian,39.70%,1.58,82913906,44.70%,7.40%,11.38%,"6,25,09,623"
Iraq,93,IQ,21.40%,"4,38,317","2,09,000",Baghdad,"1,90,061",119.86,3.67,1.90%,"234,094,042,939 ",13338,6.8,0.45,12.4,0.69,0.57,108.70%,16.20%,22.5,70.5,0.78,79,25.7,3.88,0.739146237,0.690080798,Arabic,76.50%,0.71,39309783,43.00%,2.00%,12.82%,"2,77,83,368"
Republic of Ireland,72,IRL,64.50%,"70,273","9,000",Dublin,"37,711",106.58,1.75,11.00%,"388,698,711,348 ",87099,11.7,0.78,19.2,1.07,0.92,100.90%,77.80%,3.1,82.3,0.96,5,10.3,6.74,1.022591486,0.966615476,Irish,15.20%,3.31,5007069,62.10%,18.30%,4.93%,"31,33,123"
Israel,400,IL,24.60%,"20,770","1,78,000",Jerusalem,"65,166",108.15,3.09,7.70%,"395,098,666,122 ",47927,13.5,0.90,14.9,0.83,0.86,104.90%,63.40%,3,82.8,0.97,3,18.6,5.05,0.93235587,0.919638826,Hebrew,24.40%,4.62,9053300,64.00%,23.10%,3.86%,"83,74,393"
Italy,206,IT,43.20%,"3,01,340","3,47,000",Rome,"3,20,411",110.62,1.29,31.80%,"2,001,244,392,042 ",52183,10.8,0.72,16.7,0.93,0.82,101.90%,61.90%,2.6,82.9,0.97,2,6.5,11.27,0.945207352,0.909293792,Italian,22.80%,3.98,60297396,49.60%,24.30%,9.89%,"4,26,51,966"
Jamaica,273,JM,41.00%,"10,991","4,000","Kingston, Jamaica","8,225",162.47,1.98,30.90%,"16,458,071,068 ",9304,10.0,0.67,12.4,0.69,0.68,91.00%,27.10%,12.4,74.4,0.84,80,11.6,7.44,0.684740088,0.731315286,Jamaican English,23.70%,1.31,2948279,66.00%,26.80%,8.00%,"16,50,594"
Japan,347,JP,12.30%,"3,77,944","2,61,000",Tokyo,"11,35,886",105.48,1.42,68.50%,"5,081,769,542,380 ",46656,12.7,0.85,15.5,0.86,0.85,98.80%,63.20%,1.8,84.2,0.99,5,6,11.74,0.928295872,0.92097289,Japanese,13.10%,2.41,126226568,61.70%,11.90%,2.29%,"11,57,82,416"
Jordan,115,JO,12.00%,"89,342","1,16,000",Amman,"25,108",125.6,2.76,1.10%,"43,743,661,972 ",9137,10.2,0.68,13.1,0.73,0.70,81.50%,34.40%,13.9,74.4,0.84,46,20.6,3.11,0.682004119,0.737431086,Arabic,25.10%,2.32,10101694,39.30%,15.10%,14.72%,"92,13,048"
Kazakhstan,7,KZ,80.40%,"27,24,900","71,000",Astana,"2,47,207",182.75,2.84,1.20%,"180,161,741,180 ",31465,12.5,0.83,14.0,0.78,0.81,104.40%,61.70%,8.8,73.2,0.82,10,20.1,8.05,0.868791134,0.832539313,Russian,38.80%,3.25,18513930,68.80%,11.70%,4.59%,"1,06,52,915"
Kenya,94,KE,48.50%,"5,80,367","29,000",Nairobi,"17,910",180.51,3.49,7.80%,"95,503,088,538 ",5585,8.6,0.57,11.5,0.64,0.61,103.20%,11.50%,30.6,66.3,0.71,342,27.1,4.95,0.607647287,0.64083553,Swahili,33.40%,0.16,52573973,74.70%,15.10%,2.64%,"1,44,61,523"
Kiribati,147,KI,42.00%,811,0,South Tarawa,66,99.55,3.57,15.00%,"194,647,202 ",4707,9.1,0.61,11.9,0.66,0.63,101.30%,0.00%,41.2,68.1,0.74,92,25.8,6.91,0.581811671,0.647318818,English,0.20%,0.2,117606,48.10%,22.00%,8.60%,"64,489"
Kuwait,240,KW,8.40%,"17,818","25,000",Kuwait City,"98,734",126.6,2.08,0.40%,"134,761,198,946 ",59359,7.6,0.51,15.9,0.88,0.70,92.40%,54.40%,6.7,75.4,0.85,12,10.2,2.27,0.964670427,0.831059229,Modern Standard Arabic,14.40%,2.58,4207083,73.50%,1.40%,2.18%,"42,07,083"
Kyrgyzstan,34,KG,55.00%,"1,99,951","21,000",Bishkek,"9,787",155.68,3.3,3.30%,"8,454,619,608 ",6324,12.1,0.81,12.7,0.71,0.76,107.60%,41.30%,16.9,71.4,0.79,60,21.3,6.07,0.626418603,0.721830303,Russian,48.20%,1.88,6456900,59.80%,18.00%,6.33%,"23,62,644"
Laos,32,LA,10.30%,"2,36,800","1,29,000",Vientiane,"17,763",135.87,2.67,82.10%,"18,173,839,128 ",7620,6.1,0.41,9.6,0.53,0.47,102.40%,15.00%,37.6,67.6,0.73,185,21.3,6.26,0.654579085,0.607847005,Lao,45.40%,0.37,7169455,78.50%,12.90%,0.63%,"25,55,552"
Latvia,30,LV,31.10%,"64,589","6,000",Riga,"7,004",116.86,1.6,54.00%,"34,117,202,555 ",37623,13.4,0.89,16.5,0.92,0.91,99.40%,88.10%,3.3,74.7,0.84,19,7.6,14.69,0.895790798,0.881405504,Latvian,41.60%,3.19,1912789,61.40%,22.90%,6.52%,"13,04,943"
Lebanon,667,LB,64.30%,"10,400","80,000",Beirut,"24,796",130.02,2.09,13.40%,"53,367,042,272 ",11092,10.4,0.69,11.7,0.65,0.67,95.10%,26.30%,6.4,78.9,0.91,29,16.1,5.57,0.711292621,0.756928457,Arabic,32.10%,2.1,6855713,47.00%,15.30%,6.23%,"60,84,994"
Lesotho,71,LS,77.60%,"30,355","2,000",Maseru,"2,512",155.86,3.14,1.60%,"2,460,072,444 ",3152,7.7,0.51,11.0,0.61,0.56,120.90%,10.20%,65.7,53.7,0.52,544,24.1,10.9,0.52123627,0.533427416,English,16.90%,0.07,2125268,67.90%,31.60%,23.41%,"6,07,508"
Liberia,53,LR,28.00%,"1,11,369","2,000",Monrovia,"1,386",223.13,4.32,43.10%,"3,070,518,100 ",1444,6.2,0.41,10.5,0.58,0.50,85.10%,11.90%,53.5,63.7,0.67,661,31,6.46,0.403319125,0.513134492,English,19.60%,0.04,4937374,76.30%,12.90%,2.81%,"25,48,426"
Libya,4,LY,8.70%,"17,59,540",0,Tripoli,"50,564",125.71,2.24,0.10%,"52,076,250,948 ",12493,7.8,0.52,12.9,0.72,0.62,109.00%,60.50%,10.2,72.7,0.81,72,17,3.45,0.729259848,0.715461612,Arabic,36.70%,2.09,6777452,49.70%,0.00%,18.56%,"54,48,597"
Liechtenstein,238,LI,32.20%,160,0,Vaduz,51,108.5,1.44,43.10%,"6,552,858,739 ",116600,12.4,0.83,15.4,0.86,0.84,104.70%,35.60%,4,83,0.97,0,9.4,8.05,1.066655027,0.95431482,German,0,5.5,38019,77.80%,0.00%,1.40%,"5,464"
Lithuania,43,LT,47.20%,"65,300","34,000",Vilnius,"12,963",118.38,1.63,34.80%,"54,219,315,600 ",42325,13.6,0.91,16.5,0.92,0.91,103.90%,72.40%,3.3,75.7,0.86,8,7.5,15.16,0.913579477,0.894187771,Lithuanian,32.10%,6.35,2786844,61.60%,16.90%,6.35%,"18,91,013"
Luxembourg,242,LU,53.70%,"2,586","2,000",Luxembourg City,"8,988",115.09,1.37,35.70%,"71,104,919,108 ",91144,12.6,0.84,14.4,0.80,0.82,102.30%,19.20%,1.9,82.1,0.96,5,10.4,7.17,1.029448702,0.932316274,Luxembourgish,10.60%,3.01,645397,59.30%,26.50%,5.36%,"5,65,488"
Madagascar,48,MG,71.20%,"5,87,041","22,000",Antananarivo,"3,905",184.33,4.08,21.40%,"14,083,906,357 ",1612,4.6,0.31,9.1,0.51,0.41,142.50%,5.40%,38.2,66.7,0.72,335,32.1,5.92,0.419944108,0.498619526,French,21.70%,0.18,26969307,86.10%,10.20%,1.76%,"1,02,10,849"
Malawi,203,MW,61.40%,"1,18,484","15,000",Lilongwe,"1,298",418.34,4.21,33.20%,"7,666,704,427 ",1637,5.2,0.35,9.9,0.55,0.45,142.50%,0.80%,35.3,63.8,0.67,349,31.4,4.51,0.422268803,0.503066546,English,11.00%,0.04,18628747,76.70%,17.30%,5.65%,"31,99,301"
Malaysia,99,MY,26.30%,"3,29,847","1,36,000",Kuala Lumpur,"2,48,289",121.46,2,67.60%,"364,701,517,788 ",31891,11.1,0.74,12.7,0.71,0.72,105.30%,45.10%,6.7,76,0.86,29,12.4,5.72,0.870822535,0.813929649,Malaysian language,36.70%,1.51,32447385,64.30%,12.00%,3.32%,"2,44,75,766"
Maldives,"1,802",MV,26.30%,298,"5,000",MalÈ,"1,445",99.7,1.87,3.30%,"5,729,248,472 ",19820,7.4,0.49,12.8,0.71,0.60,97.10%,31.20%,7.4,78.6,0.9,53,11,4.2,0.798975549,0.75562981,Divehi,16.40%,4.56,530953,69.80%,19.50%,6.14%,"2,13,645"
Mali,17,ML,33.80%,"12,40,192","18,000",Bamako,"3,179",108.73,5.88,3.80%,"17,510,141,171 ",2283,1.6,0.11,7.0,0.39,0.25,75.60%,4.50%,62,58.9,0.6,562,40,8.3,0.472513727,0.413842634,French,46.30%,0.13,19658031,70.80%,11.60%,7.22%,"84,79,688"
Malta,"1,380",MT,32.40%,316,"2,000",Valletta,"1,342",113.45,1.23,1.10%,"14,786,156,563 ",52961,12.4,0.83,15.9,0.88,0.86,105.00%,54.30%,6.1,82.3,0.96,6,7.9,8.61,0.947442829,0.921384494,Maltese,37.10%,2.86,502653,56.50%,26.20%,3.47%,"4,75,902"
Marshall Islands,329,MH,63.90%,181,0,Majuro,143,217.63,4.05,70.20%,"221,278,000 ",7965,11.6,0.77,16.4,0.91,0.84,84.70%,23.70%,27.4,65.2,0.7,155,21.1,4.3,0.66126792,0.729880218,Marshallese,10.00%,0.42,58791,49.50%,17.80%,9.80%,"45,514"
Mauritania,5,MR,38.50%,"10,30,700","21,000",Nouakchott,"2,739",135.02,4.56,0.20%,"7,593,752,450 ",6276,4.9,0.33,7.9,0.44,0.38,99.90%,5.00%,51.5,64.7,0.69,766,34.4,7.33,0.625267697,0.547309382,Arabic,48.20%,0.19,4525696,45.90%,0.00%,9.55%,"24,66,821"
Mauritius,626,MU,42.40%,"2,040","3,000",Port Louis,"4,349",129.91,1.41,19.00%,"14,180,444,557 ",27278,10.1,0.67,14.2,0.79,0.73,101.10%,40.60%,13.6,74.4,0.84,61,9.3,7.33,0.847221086,0.803895567,French,50.70%,2.53,1265711,58.30%,19.10%,6.67%,"5,15,980"
Mexico,66,MX,54.60%,"19,64,375","3,36,000",Mexico City,"4,86,406",141.54,2.13,33.90%,"1,258,286,717,125 ",21585,9.3,0.62,14.5,0.81,0.71,105.80%,40.20%,11,75,0.85,33,15.7,7.07,0.811861675,0.78835127,Spanish,41.40%,2.38,126014024,60.70%,13.10%,3.42%,"10,26,26,859"
Federated States of Micronesia,784,FM,31.40%,702,0,Palikir,143,112.1,3.05,91.90%,"401,932,279 ",4381,7.3,0.49,11.5,0.64,0.56,97.20%,14.10%,25.6,67.8,0.74,88,22.3,4.2,0.570969834,0.618506551,English,2.50%,0.18,113815,0.00%,25.20%,16.10%,"25,963"
Moldova,123,MD,74.20%,"33,851","7,000",Chi?in?u,"5,115",166.2,1.26,12.60%,"11,955,435,457 ",1611,11.8,0.79,14.6,0.81,0.80,90.60%,39.80%,13.6,71.8,0.8,19,10.8,12.51,0.419850372,0.64529481,Romanian,46.20%,3.21,2657637,43.10%,17.70%,5.47%,"11,35,502"
Monaco,"26,337",MC,0.00%,2,250,Monaco City,282427,217.63,1.53,0.00%,"7,184,844,193 ",770,9.9,0.66,21.7,1.21,0.93,144.00%,53.00%,2.6,86.37,1.02,5,9.4,10.92,0.30833803,0.66379922,French,6.10%,6.56,38964,56.20%,0.00%,2.00%,"38,964"
Mongolia,2,MN,71.50%,"15,64,116","18,000",Ulaanbaatar,"25,368",195.76,2.9,8.00%,"13,852,850,259 ",14258,9.4,0.63,13.6,0.76,0.69,104.00%,65.60%,14,69.7,0.76,45,18.9,6.33,0.749221812,0.73241579,Mongolian,39.30%,2.86,3225167,59.70%,16.80%,6.01%,"22,10,626"
Montenegro,47,ME,19.00%,"13,812","12,000",Podgorica,"2,017",116.32,1.75,61.50%,"5,494,736,901 ",28129,12.8,0.85,15.5,0.86,0.86,100.00%,56.10%,2.3,76.8,0.87,6,11,10.3,0.851861602,0.860588587,Montenegrin language,31.80%,2.76,622137,54.40%,0.00%,14.88%,"4,17,765"
Morocco,83,MA,68.50%,"4,46,550","2,46,000",Rabat,"61,276",111.07,2.42,12.60%,"118,725,279,596 ",8744,6.2,0.41,15.1,0.84,0.63,113.90%,35.90%,19.2,76.5,0.87,70,16.7,6.61,0.675363052,0.718013098,Arabic,53.10%,0.73,36910560,45.30%,21.90%,9.02%,"2,29,75,026"
Mozambique,40,MZ,63.50%,"7,99,380","11,000",Maputo,"7,943",182.31,4.85,48.00%,"14,934,159,926 ",1370,4.6,0.31,10.8,0.60,0.45,112.60%,7.30%,54,60.2,0.62,289,37.5,9.93,0.395372642,0.47959017,Portuguese,6.80%,0.08,30366036,78.10%,0.00%,3.24%,"1,10,92,106"
Myanmar,83,MM,19.50%,"6,76,578","5,13,000",Naypyidaw,"25,280",168.18,2.15,43.60%,"76,085,852,617 ",5097,6.4,0.43,11.5,0.64,0.53,112.30%,18.80%,36.8,66.9,0.72,250,16.7,7.14,0.593835914,0.609665484,Burmese,73.90%,0.68,54045420,61.70%,5.40%,1.58%,"1,66,74,093"
Namibia,3,NAM,47.10%,"8,24,292","16,000",Windhoek,"4,228",157.97,3.4,8.30%,"12,366,527,719 ",9594,7.3,0.49,11.8,0.66,0.57,124.20%,22.90%,29,63.4,0.67,195,25.9,6.64,0.689376515,0.640917378,English,8.30%,0.42,2494530,59.50%,27.10%,20.27%,"12,73,258"
Nauru,541,NR,20.00%,21,0,Yaren District,80,217.63,2.58,0.00%,"133,000,000 ",18332,9.4,0.63,12.8,0.71,0.67,93.70%,0.00%,7.7,62.11,0.65,273,25.5,6.39,0.787186651,0.699877384,English,0.50%,1.39,10084,63.00%,44.00%,5.10%,11261
Nepal,203,NP,28.70%,"1,47,181","1,12,000",Kathmandu,"9,105",188.73,1.92,25.40%,"30,641,380,604 ",4917,4.5,0.30,13.8,0.77,0.53,142.10%,12.40%,26.7,70.5,0.78,186,19.3,5.59,0.588404925,0.624236162,Nepali,60.40%,0.75,28608710,83.80%,20.70%,1.41%,"57,65,513"
Netherlands,508,NL,53.30%,"41,543","41,000",Amsterdam,"1,70,780",115.91,1.59,11.20%,"909,070,395,161 ",68176,12.7,0.85,18.6,1.03,0.94,104.20%,85.00%,3.3,81.8,0.95,5,9.3,9.27,0.98558996,0.958331823,Dutch,12.30%,3.61,17332850,63.60%,23.00%,3.20%,"1,59,24,729"
New Zealand,18,NZ,40.50%,"2,68,838","9,000",Wellington,"34,382",114.24,1.71,38.60%,"206,928,765,544 ",47291,12.9,0.86,19.3,1.07,0.97,100.00%,82.00%,4.7,81.9,0.95,9,11.5,6.89,0.930337914,0.949974658,English,12.60%,3.59,4841000,69.90%,29.00%,4.07%,"42,58,860"
Nicaragua,55,NI,42.10%,"1,30,370","12,000",Managua,"5,592",162.74,2.4,25.90%,"12,520,915,291 ",7106,9.9,0.66,11.5,0.64,0.65,120.60%,17.40%,15.7,74.3,0.84,98,19.4,5.19,0.644029825,0.70582907,Spanish,36.00%,0.98,6545502,66.40%,15.60%,6.84%,"38,46,137"
Niger,19,NE,36.10%,"12,67,000","10,000",Niamey,"2,017",109.32,6.91,0.90%,"12,928,145,120 ",1615,1.4,0.09,8.3,0.46,0.28,74.70%,4.40%,48,62,0.65,509,41.9,9.66,0.420224968,0.424473987,French,52.30%,0.04,23310715,72.00%,11.80%,0.47%,"38,50,231"
Nigeria,226,NG,77.70%,"9,23,768","2,15,000",Abuja,"1,20,369",267.51,5.39,7.20%,"448,120,428,859 ",5385,7.6,0.51,10.5,0.58,0.55,84.70%,10.20%,75.7,54.3,0.53,917,33,8.52,0.60213872,0.559901595,English,72.20%,0.38,200963599,52.90%,1.50%,8.10%,"10,28,06,948"
North Korea,214,KP,21.80%,"1,20,538","14,69,000",Pyongyang,"28,284",217.63,1.9,40.70%,"32,100,000,000 ",1147,11.7,0.78,12.2,0.68,0.73,112.80%,27.00%,13.7,72.1,0.8,89,13.89,9.66,0.368535944,0.59928154,Korean,0,3.67,25666161,80.40%,0.00%,2.74%,"1,59,47,412"
North Macedonia,83,MKD,49.80%,"25,713",16000,Skopje,8764000,146.2,1.6,39.70%,"10,220,781,069 ",22358,10.2,0.68,14.8,0.82,0.75,97.49%,53.16%,5,74.42,0.84,3,9.2,9.61,0.817176657,0.801466733,Macedonian,35.60%,3,1836713,28.31%,17.40%,13.05%,1087167
Norway,15,NO,2.70%,"3,23,802","23,000",Oslo,"41,023",120.27,1.56,33.20%,"403,336,363,636 ",111273,13.1,0.87,18.8,1.04,0.96,100.30%,82.00%,2.1,82.8,0.97,2,9.3,7.93,1.059591264,0.995543968,Norwegian,14.30%,2.92,5347896,63.80%,23.90%,3.35%,"44,18,218"
Oman,16,OM,4.60%,"3,09,500","47,000",Muscat,"63,457",113.53,2.89,0.00%,"76,983,094,928 ",36583,11.9,0.79,13.4,0.74,0.77,103.40%,38.00%,9.8,77.6,0.89,19,16.8,3.21,0.891556416,0.848548208,Arabic,6.40%,2,5266535,72.40%,2.50%,2.67%,"42,50,777"
Pakistan,287,PK,47.80%,"7,96,095","9,36,000",Islamabad,"2,01,150",182.32,3.51,1.90%,"304,400,000,000 ",5344,4.3,0.29,7.9,0.44,0.36,94.30%,9.00%,57.2,67.1,0.72,140,27.8,5.94,0.60098422,0.538062455,Urdu,66.50%,0.98,216565318,52.60%,9.20%,4.45%,"7,99,27,762"
Palau,39,PW,10.90%,459,0,Ngerulmud,224,118.17,2.21,87.60%,"283,994,900 ",15627,13.3,0.89,14.1,0.78,0.84,112.60%,54.70%,16.6,69.1,0.76,89,10.9,8.31,0.763070909,0.786839086,English,21.80%,1.18,18233,67.00%,21.30%,0.80%,"14,491"
Panama,58,PA,30.40%,"75,420","26,000",Panama City,"10,715",122.07,2.46,61.90%,"66,800,800,000 ",34072,10.8,0.72,13.3,0.74,0.73,94.40%,47.80%,13.1,78.3,0.9,52,16,5.88,0.880815188,0.833329433,Spanish,30.50%,1.57,4246439,66.60%,7.50%,3.90%,"28,90,084"
Papua New Guinea,20,PG,2.60%,"4,62,840","4,000",Port Moresby,"7,536",155.99,3.56,74.10%,"24,969,611,435 ",3735,5.0,0.33,11.5,0.64,0.49,108.50%,1.80%,38,64.3,0.68,145,24.6,5.48,0.546872036,0.566931041,Tok Pisin,5.80%,0.07,8776109,47.20%,13.60%,2.46%,"11,62,834"
Paraguay,18,PY,55.10%,"4,06,752","27,000",Asunci√≥n,"7,407",143.82,2.43,37.70%,"38,145,288,940 ",15291,8.9,0.59,14.0,0.78,0.69,104.40%,34.60%,17.2,74.1,0.83,129,20,4.9,0.759787597,0.757774164,Spanish,36.50%,1.35,7044636,72.10%,10.00%,4.81%,"43,59,150"
Peru,26,PE,18.50%,"12,85,216","1,58,000",Lima,"57,414",129.78,2.25,57.70%,"226,848,050,820 ",14524,10.2,0.68,14.9,0.83,0.75,106.90%,70.70%,11.1,76.5,0.87,88,15.9,11.04,0.752013972,0.788742922,Spanish,30.90%,1.27,32510453,77.60%,14.30%,3.31%,"2,53,90,339"
Philippines,368,PH,41.70%,"3,00,000","1,53,000",Manila,"1,22,287",129.61,2.58,27.80%,"376,795,508,680 ",10960,10.0,0.67,12.8,0.71,0.69,107.50%,35.50%,22.5,71.1,0.79,121,16,6.1,0.709484205,0.728572829,English,53.50%,0.6,108116615,59.60%,14.00%,2.15%,"5,09,75,903"
Poland,124,PL,46.90%,"3,12,685","1,91,000",Warsaw,"2,99,037",114.11,1.46,30.90%,"592,164,400,688 ",42708,13.2,0.88,16.7,0.93,0.90,100.00%,67.80%,3.8,77.6,0.89,2,8.2,9.37,0.914940237,0.901588606,Polish,23.20%,2.38,37970874,56.70%,17.40%,3.47%,"2,27,96,574"
Portugal,111,PT,39.50%,"92,212","52,000",Lisbon,"48,742",110.62,1.38,34.60%,"237,686,075,635 ",40861,9.7,0.65,17.5,0.97,0.81,106.20%,63.90%,3.1,81.3,0.94,8,8.3,10.9,0.908262034,0.884317076,Portuguese,27.70%,5.12,10269417,58.80%,22.80%,6.33%,"67,53,579"
Qatar,248,QA,5.80%,"11,586","22,000",Doha,"1,03,259",115.38,1.87,0.00%,"183,466,208,791 ",115037,10.8,0.72,13.1,0.73,0.72,103.80%,17.90%,5.8,80.1,0.92,9,9.9,1.42,1.064616461,0.890098017,Arabic,6.20%,2.49,2832067,86.80%,14.70%,0.09%,"28,09,071"
Romania,84,RO,58.80%,"2,38,391","1,26,000",Bucharest,"69,259",123.78,1.71,30.10%,"250,077,444,017 ",39526,11.6,0.77,14.1,0.78,0.78,85.20%,49.40%,6.1,75.4,0.85,19,9.6,14.92,0.903244358,0.842893935,Romanian,21.30%,2.98,19356544,54.70%,14.60%,3.98%,"1,04,68,793"
Russia,9,RU,13.30%,"1,70,98,240","14,54,000",Moscow,"17,32,027",180.75,1.57,49.80%,"1,699,876,578,871 ",39222,12.4,0.83,13.2,0.73,0.78,102.60%,81.90%,6.1,72.7,0.81,17,8.9,13.27,0.902078077,0.829101912,Russian,36.40%,4.01,144373535,61.80%,11.40%,4.59%,"10,76,83,889"
Rwanda,525,RW,73.40%,"26,338","35,000",Kigali,"1,115",151.09,4.04,19.70%,"10,122,472,590 ",3000,4.9,0.33,12.6,0.70,0.51,133.00%,6.70%,27,68.7,0.75,248,28.3,5.77,0.513770358,0.581389023,Swahili,26.00%,0.13,12626950,83.70%,14.30%,1.03%,"21,86,104"
Saint Kitts and Nevis,205,KN,23.10%,261,300,Basseterre,238,104.57,2.11,42.30%,"1,050,992,593 ",25919,10.8,0.72,18.4,1.02,0.87,108.70%,86.70%,9.8,71.3,0.79,74,11.7,7.32,0.839501499,0.832509644,English,56.60%,2.52,52823,0.00%,18.50%,5.09%,"16,269"
Saint Lucia,301,LC,17.40%,616,1000,Castries,414,110.13,1.44,33.20%,"2,122,450,630 ",18333,8.6,0.57,12.7,0.71,0.64,102.60%,14.10%,14.9,76.1,0.86,117,11.3,8.17,0.787194891,0.756693896,English,48.40%,0.64,182790,67.10%,18.20%,20.71%,"34,280"
Saint Vincent and the Grenadines,284,VC,25.60%,389,1000,Kingstown,220,109.67,1.89,69.20%,"825,385,185 ",15593,11.3,0.75,16.3,0.91,0.83,113.40%,23.70%,14.8,72.4,0.81,68,12.2,7.58,0.762741896,0.800411963,English,21.40%,0.66,100455,65.90%,25.40%,18.88%,"58,185"
Samoa,70,WS,12.40%,"2,831",0,Apia,246,117.56,3.88,60.40%,"850,655,017 ",6221,11.3,0.75,12.4,0.69,0.72,110.50%,7.60%,13.6,73.2,0.82,43,25.4,5.38,0.623938079,0.716851635,Samoan,11.50%,0.34,202506,43.70%,25.50%,8.36%,"35,588"
San Marino,566,SM,16.70%,61,100,City of San Marino,12283,110.63,1.26,0.00%,"1,637,931,034 ",64740,11.4,0.76,14.6,0.81,0.79,108.10%,42.50%,1.7,85.4,1.01,8,5.9,8.83,0.977778363,0.920583025,Italian,18.30%,6.11,33860,57.60%,18.10%,4.60%,"32,969"
Sao Tome and Principe,228,ST,50.70%,964,"1,000",S√£o Tom√©,121,185.09,4.32,55.80%,"429,016,605 ",5763,6.0,0.40,12.9,0.72,0.56,106.80%,13.40%,24.4,70.2,0.77,130,28.2,6.07,0.612386471,0.641556309,Portuguese,11.70%,0.05,215056,57.80%,14.60%,13.37%,"1,58,277"
Saudi Arabia,16,SA,80.80%,"21,49,690","2,52,000",Riyadh,"5,63,449",118.4,2.32,0.50%,"792,966,838,162 ",56591,11.6,0.77,16.9,0.94,0.86,99.80%,68.00%,6,75,0.85,17,16.4,3.45,0.957456943,0.887862152,Arabic,15.00%,2.61,34268528,55.90%,8.90%,5.93%,"2,88,07,838"
Senegal,87,SN,46.10%,"1,96,722","19,000",Dakar,"10,902",109.25,4.63,42.80%,"23,578,084,052 ",4173,2.9,0.19,9.1,0.51,0.35,81.00%,12.80%,31.8,67.7,0.73,315,29.4,5,0.563622211,0.524154921,French,44.20%,0.07,16296364,45.70%,16.30%,6.60%,"77,65,706"
Serbia,100,RS,39.30%,"77,474","32,000",Belgrade,"45,221",144,1.49,31.10%,"51,409,167,351 ",24670,11.6,0.77,15.0,0.83,0.80,100.30%,67.20%,4.8,75.5,0.85,12,8.8,15.12,0.832041105,0.82708707,Serbian,40.60%,3.11,6944975,54.90%,18.60%,12.69%,"39,07,243"
Seychelles,214,SC,3.40%,455,0,"Victoria, Seychelles",605,129.96,2.41,88.40%,"1,698,843,063 ",29195,11.2,0.75,18.2,1.01,0.88,100.40%,17.10%,12.4,72.8,0.81,53,13.6,6.9,0.85748033,0.848653915,French,2.50%,0.95,97625,63.31%,34.10%,3.00%,"55,762"
Sierra Leone,111,SL,54.70%,"71,740","9,000",Freetown,"1,093",234.16,4.26,43.10%,"3,941,474,311 ",3008,3.5,0.23,9.1,0.51,0.37,112.80%,2.00%,78.5,54.3,0.53,1120,30.6,9.14,0.514172637,0.465438372,English,38.20%,0.03,7813215,57.90%,8.60%,4.43%,"33,19,366"
Singapore,"8,358",SG,0.90%,716,"81,000",Singapore,"37,535",114.41,1.14,23.10%,"372,062,527,489 ",112141,12.0,0.80,16.7,0.93,0.86,100.60%,84.80%,2.3,83.1,0.97,8,8.2,4.15,1.060765022,0.960055763,Malay,36.70%,2.29,5703569,70.50%,13.10%,4.11%,"57,03,569"
Slovakia,114,SK,39.20%,"49,035","16,000",Bratislava,"32,424",115.34,1.52,40.40%,"105,422,304,976 ",36793,13.1,0.87,14.9,0.83,0.85,98.70%,46.60%,4.6,77.2,0.88,5,9.5,10.18,0.892421053,0.873957811,Slovak,18.40%,3.42,5454073,59.50%,18.70%,5.56%,"29,30,419"
Slovenia,103,SI,30.70%,"20,273","7,000",Ljubljana,"12,633",111.05,1.6,62.00%,"53,742,159,517 ",45468,13.0,0.87,17.5,0.97,0.92,100.40%,78.60%,1.7,81,0.94,7,8.5,10.46,0.924399729,0.928093712,Slovene language,12.50%,3.09,2087946,58.40%,18.60%,4.20%,"11,44,654"
Solomon Islands,25,SB,3.90%,"28,896",0,Honiara,169,133.06,4.4,77.90%,"1,425,074,226 ",2533,5.9,0.39,11.3,0.63,0.51,106.20%,0.00%,17.1,72.8,0.81,104,26.9,3.95,0.488210532,0.586436212,English,3.30%,0.19,669823,83.80%,29.50%,0.58%,"1,62,164"
Somalia,25,SO,70.30%,"6,37,657","20,000",Mogadishu,645,144.92,6.07,10.00%,"4,720,727,278 ",1397,1.9,0.13,7.5,0.42,0.27,23.40%,2.50%,76.6,57.1,0.57,829,43,11.43,0.398320697,0.394297325,Arabic,42.14%,0.02,15442905,47.40%,0.00%,11.35%,"70,34,861"
South Africa,49,ZA,79.80%,"12,19,090","80,000",Pretoria,"4,76,644",158.93,2.41,7.60%,"351,431,649,241 ",13128,11.6,0.77,13.8,0.77,0.77,100.90%,22.40%,28.5,63.9,0.68,119,18.8,9.25,0.73674902,0.727958131,Afrikaans,7.70%,0.91,58558270,56.00%,27.50%,28.18%,"3,91,49,717"
South Korea,527,KR,17.40%,"99,720","6,34,000",Seoul,"6,20,302",115.16,0.98,63.40%,"2,029,000,000,000 ",16013,12.7,0.85,16.6,0.92,0.88,98.10%,94.30%,2.7,82.6,0.96,11,4.6,7.28,0.766756775,0.86524117,Korean,36.80%,2.36,51709098,63.00%,15.60%,4.15%,"4,21,06,719"
South Sudan,18,SS,44.70%,"6,44,329","1,85,000",Juba,"1,727",217.63,4.7,11.30%,"11,997,800,751 ",1040,5.7,0.38,5.6,0.31,0.35,73.00%,1.00%,63.7,57.6,0.58,1150,28.6,9.22,0.353743189,0.415650246,English,61.30%,0.043,11062113,72.40%,0.00%,12.24%,"22,01,250"
Spain,94,ES,52.60%,"5,05,370","1,96,000",Madrid,"2,44,002",110.96,1.26,36.90%,"1,394,116,310,769 ",44905,10.8,0.72,17.8,0.99,0.85,102.70%,88.90%,2.5,83.3,0.97,4,7,10.11,0.922517629,0.912826931,Spanish,24.20%,3.87,47076781,57.50%,14.20%,13.96%,"3,79,27,409"
Sri Lanka,341,LK,43.70%,"65,610","3,17,000",Colombo,"23,362",155.53,2.2,32.90%,"84,008,783,756 ",12616,10.8,0.72,13.1,0.73,0.72,100.20%,19.60%,6.4,76.8,0.87,36,14.1,6.54,0.730739796,0.770675411,Tamil,38.40%,1,21803000,53.90%,11.90%,4.20%,"40,52,088"
Sudan,25,SD,28.70%,"18,61,484","1,24,000",Khartoum,"20,000",217.63,4.41,8.10%,"18,902,284,476 ",2452,4.0,0.27,8.6,0.48,0.37,76.80%,16.90%,42.1,65.1,0.69,295,33.6,6.19,0.483301168,0.497839731,Arabic,63.20%,0.26,42813238,48.40%,8.00%,16.53%,"1,49,57,233"
Suriname,4,SR,0.60%,"1,63,820","2,000",Paramaribo,"1,738",294.66,2.42,98.30%,"3,985,250,737 ",16123,8.4,0.56,11.0,0.61,0.59,108.80%,12.60%,16.9,71.6,0.79,120,17.3,6.63,0.767790893,0.709971126,Dutch,10.10%,1.21,581372,51.10%,19.50%,7.33%,"3,84,258"
Sweden,25,SE,7.40%,"4,50,295","30,000",Stockholm,"43,252",110.51,1.76,68.90%,"530,832,908,738 ",64545,12.7,0.85,19.0,1.06,0.95,126.60%,67.00%,2.2,82.5,0.96,4,9.3,9.5,0.977322689,0.962374868,Swedish,15.20%,3.98,10285453,64.60%,27.90%,6.48%,"90,21,165"
Switzerland,219,CH,38.40%,"41,277","21,000",Bern,"34,477",99.55,1.52,31.80%,"703,082,435,360 ",82387,13.9,0.93,16.7,0.93,0.93,105.20%,59.60%,3.7,83.6,0.98,5,9.4,8.37,1.014190107,0.974113281,German,28.30%,4.3,8574832,68.30%,10.10%,4.58%,"63,32,428"
Syria,95,SY,75.80%,"1,85,180","2,39,000",Damascus,"28,830",143.2,2.81,2.70%,"40,405,006,007 ",4426,5.9,0.39,7.4,0.41,0.40,81.70%,40.10%,14,71.8,0.8,31,22.1,4.07,0.572513508,0.567952356,Arabic,53.70%,1.22,17070135,44.10%,14.20%,8.37%,"93,58,019"
Tajikistan,68,TJ,34.10%,"1,44,100","17,000",Dushanbe,"5,310",148.57,3.59,3.00%,"8,116,626,794 ",5295,11.3,0.75,10.8,0.60,0.68,100.90%,31.30%,30.4,70.9,0.78,17,26.1,5.67,0.599592776,0.682579597,Persian,63.10%,1.7,9321018,42.00%,9.80%,11.02%,"25,45,477"
Tanzania,67,TZ,44.80%,"9,47,300","28,000",Dodoma,"11,973",187.43,4.89,51.60%,"63,177,068,175 ",3552,6.1,0.41,8.6,0.48,0.44,94.20%,4.00%,37.6,65,0.69,524,35.2,5.02,0.53928345,0.547065868,Swahili,26.10%,0.01,58005463,83.40%,11.50%,1.98%,"2,00,11,885"
Thailand,137,TH,43.30%,"5,13,120","4,55,000",Bangkok,"2,83,763",113.27,1.53,32.20%,"543,649,976,166 ",19542,9.0,0.60,15.4,0.86,0.73,99.80%,49.30%,7.8,76.9,0.88,37,8.2,8.9,0.796841806,0.799943317,Thai,11.80%,0.81,69625582,67.30%,14.90%,0.75%,"3,52,94,600"
East Timor,89,TL,25.60%,"14,874","2,000",Dili,495,145.38,4.02,45.40%,"1,673,540,300 ",5138,6.2,0.41,13.3,0.74,0.58,115.30%,17.80%,39.3,69.3,0.76,142,22.1,7.3,0.595046138,0.640123949,Portuguese,10.20%,0.72,3500000,67.30%,25.00%,4.55%,"4,00,182"
Togo,152,TG,70.20%,"56,785","10,000",LomÈ,"3,000",113.3,4.32,3.10%,"5,459,979,417 ",2779,5.9,0.39,13.1,0.73,0.56,123.80%,14.50%,47.4,60.8,0.63,396,31.1,5.16,0.502211402,0.561657697,French,51.00%,0.08,8082366,77.60%,16.90%,2.04%,"34,14,638"
Tonga,147,TO,45.80%,747,500,Nuku'alofa,128,121.09,3.56,12.50%,"450,353,314 ",7222,10.9,0.73,17.8,0.99,0.86,116.30%,6.40%,13.4,70.8,0.78,52,23.1,4.95,0.646475784,0.756917312,Tongan Language,10.20%,0.52,100209,59.80%,22.30%,1.12%,"24,145"
Trinidad and Tobago,273,TT,10.50%,"5,128","4,000",Port of Spain,"43,868",141.75,1.73,46.00%,"24,100,202,834 ",30333,10.8,0.72,14.2,0.79,0.75,106.20%,12.00%,16.4,73.4,0.82,67,10.7,8.48,0.863256514,0.809726452,English,37.30%,4.17,1394973,60.00%,19.50%,2.69%,"7,41,944"
Tunisia,76,TN,64.80%,"1,63,610","48,000",Tunis,"29,937",155.33,2.2,6.80%,"38,797,709,924 ",12220,7.6,0.51,14.7,0.82,0.66,115.40%,31.70%,14.6,76.5,0.87,43,13.7,6.38,0.725922342,0.746995153,Arabic,39.80%,1.3,11694719,46.10%,21.10%,16.02%,"80,99,061"
Turkey,110,TR,49.80%,"7,83,562","5,12,000",Ankara,"3,72,725",234.44,2.07,15.40%,"754,411,708,203 ",31225,9.0,0.60,19.8,1.10,0.85,93.20%,23.90%,9.1,77.4,0.88,17,12.3,6.09,0.867634537,0.865790487,Turkish,16.90%,1.85,83429615,52.80%,17.90%,13.49%,"6,30,97,818"
Turkmenistan,13,TM,72.00%,"4,88,100","42,000",Ashgabat,"70,630",217.63,2.79,8.80%,"40,761,142,857 ",16333,11.2,0.75,13.2,0.73,0.74,88.40%,8.00%,39.3,68.1,0.74,7,21.7,5.96,0.769745671,0.74978526,Turkmen,71.10%,2.22,5942089,64.50%,0.00%,3.91%,"30,92,738"
Tuvalu,393,TV,60.00%,26,0,Funafuti,11,217.63,3.14,33.30%,"47,271,463 ",7219,10.8,0.72,12.4,0.69,0.70,86.00%,0.00%,20.6,67.11,0.72,170,23,9.1,0.646413023,0.688092585,Tuvaluan Language,0.70%,0.92,11646,24.90%,0.00%,7.30%,"7,362"
Uganda,229,UG,71.90%,"2,41,038","46,000",Kampala,"5,680",173.87,4.96,9.70%,"34,387,229,486 ",2735,6.3,0.42,11.6,0.64,0.53,102.70%,4.80%,33.8,63,0.66,375,35.2,4.87,0.499800595,0.559163556,Swahili,40.50%,0.17,44269594,70.30%,11.70%,1.84%,"1,07,84,516"
Ukraine,75,UA,71.70%,"6,03,550","2,97,000",Kyiv,"2,02,250",281.66,1.3,16.70%,"153,781,069,118 ",16526,11.1,0.74,13.3,0.74,0.74,99.00%,82.70%,7.5,71.6,0.79,19,5.6,13.7,0.771520168,0.766894044,Ukrainian,47.80%,2.99,44385155,54.20%,20.10%,8.88%,"3,08,35,699"
United Arab Emirates,118,AE,5.50%,"83,600","63,000",Abu Dhabi,"2,06,324",114.52,1.41,4.60%,"421,142,267,938 ",69134,13.0,0.87,15.6,0.87,0.87,108.40%,36.80%,6.5,77.8,0.89,3,9.8,0.9,0.9876978,0.914487518,Arabic,17.80%,2.53,9770529,82.10%,0.10%,2.35%,"84,79,744"
United Kingdom,281,GB,71.70%,"2,43,610","1,48,000",London,"3,79,025",119.62,1.68,13.10%,"2,827,113,184,696 ",53132,13.5,0.90,17.8,0.99,0.94,101.20%,60.00%,3.6,81.3,0.94,7,10,9.81,0.947929771,0.942635859,English,14.80%,2.81,66834405,62.80%,25.50%,3.85%,"5,59,08,316"
United States,36,US,44.40%,"98,33,517","13,59,000","Washington, D.C.","50,06,302",117.24,1.73,33.90%,"21,427,700,000,000 ",74190,13.9,0.93,15.9,0.88,0.91,101.80%,88.20%,5.6,78.5,0.9,19,10.6,8.42,0.998359725,0.935097691,English,11.10%,2.61,328239523,62.00%,9.60%,14.70%,"27,06,63,028"
Uruguay,20,UY,82.60%,"1,76,215","22,000",Montevideo,"6,766",202.92,1.97,10.70%,"56,045,912,952 ",28905,10.5,0.70,17.5,0.97,0.84,108.50%,63.10%,6.4,77.8,0.89,17,9.9,9.8,0.85597236,0.861740183,Spanish,16.20%,5.05,3461734,64.00%,20.10%,8.73%,"33,03,394"
Uzbekistan,79,UZ,62.90%,"4,47,400","68,000",Tashkent,"91,811",217.63,2.42,7.50%,"57,921,286,440 ",9290,11.9,0.79,12.5,0.69,0.74,104.20%,10.10%,19.1,71.6,0.79,29,26.5,5.43,0.684512619,0.736908258,Uzbek,42.70%,2.37,33580650,65.10%,14.80%,5.92%,"1,69,35,729"
Vanuatu,25,VU,15.30%,"12,189",300,Port Vila,147,117.13,3.78,36.10%,"917,058,851 ",3608,7.2,0.48,11.8,0.66,0.57,109.30%,4.70%,22.3,70.3,0.77,72,28.1,5.1,0.541646381,0.61947979,French,8.90%,0.17,299882,69.90%,17.80%,4.39%,"76,152"
Venezuela,32,VE,24.50%,"9,12,050","3,43,000",Caracas,"1,64,175",217.63,2.27,52.70%,"482,359,318,768 ",3829,9.7,0.65,13.0,0.72,0.68,97.20%,79.30%,21.4,72.1,0.8,125,15.1,7.6,0.550626655,0.669091291,Spanish,45.80%,1.92,28515829,59.70%,0.00%,8.80%,"2,51,62,368"
Vietnam,314,VN,39.30%,"3,31,210","5,22,000",Hanoi,"1,92,668",163.52,2.05,48.10%,"261,921,244,843 ",12787,9.0,0.60,15.5,0.86,0.73,110.60%,28.50%,16.5,75.3,0.85,43,13.8,5.77,0.732773486,0.768960168,Vietnamese,43.50%,0.82,96462106,77.40%,19.10%,2.01%,"3,53,32,140"
Yemen,56,YE,44.60%,"5,27,968","40,000",Sanaa,"10,609",157.58,3.79,1.00%,"26,914,402,224 ",222,5.5,0.37,7.5,0.42,0.39,93.60%,10.20%,42.9,66.1,0.71,164,35.2,5.54,0.120468033,0.321907868,Arabic,81.00%,0.31,29161922,38.00%,0.00%,12.91%,"1,08,69,523"
Zambia,25,ZM,32.10%,"7,52,618","16,000",Lusaka,"5,141",212.31,4.63,65.20%,"23,064,722,446 ",3198,7.4,0.49,11.0,0.61,0.55,98.70%,4.10%,40.4,63.5,0.67,213,33.1,6.02,0.523424832,0.577781907,English,27.50%,1.19,17861030,74.60%,16.20%,11.43%,"78,71,713"
Zimbabwe,38,ZW,41.90%,"3,90,757","51,000",Harare,"10,983",105.51,3.62,35.50%,"21,440,758,800 ",3400,8.9,0.59,11.1,0.62,0.61,109.90%,10.00%,33.9,61.2,0.63,458,30.68,8.51,0.532676968,0.589356532,Shona,25.80%,0.21,14645468,83.10%,20.70%,4.95%,"47,17,305"
